collectioncode,site,year,BumbleBeeSpecies,Abundance,Sex,FlowerName,FlowerGenus,Flowerspecies,Flowerfamily,FlowerCommonName,FlowerFieldName,Gyne(included already in female count),IDconfidence,PhotoFileID,Notes,Entered in BBW,PrevioslyMarked2,PrevioslyMarked3
2022RitterAugust9,Ritter,2022,affinis,5,female,Monarda fistulosa,Monarda,fistulosa,Lamiaceae,Bee balm,mon fis,,,,,x,,
2022SpringLakeAugust25,SpringLake,2022,affinis,1,male,Solidago canadensis,Solidago,canadensis,,,,,,,,x,,
2022SpringLakeAugust9,SpringLake,2022,affinis,1,female,Pycnanthemum virginianum,Pycnanthemum,virginianum,Lamiaceae,,pyc vir,,,,,x,,
2022SpringLakeSeptember12,SpringLake,2022,affinis,3,male,Solidago speciosa,Solidago,speciosa,Asteraceae,,,,,,,x,,
2022RitterAugust9,Ritter,2022,auricomus,9,female,Monarda fistulosa,Monarda,fistulosa,Lamiaceae,,mon fis,,,,,,,
2022RitterAugust9,Ritter,2022,auricomus,1,male,Vernonia fasciculata,Veronia,fasciculata,Asteraceae,,iron weed,,,,,,,
2022RitterAugust9,Ritter,2022,auricomus,1,female,Veronicastrum virginicum,Veronicastrum,virginicum,Fabaceae,,culvers root,,,,,,,
2022SpringLakeAugust25,SpringLake,2022,auricomus,1,female,Solidago rigida,Solidago,rigida,,,,,,,,x,,
2022SpringLakeAugust25,SpringLake,2022,auricomus,3,female,Gentiana alba,Gentiana,alba,,,,,,,,x,,
2022SpringLakeAugust25,SpringLake,2022,auricomus,1,female,Liatris aspera,Liatris,aspera,,,,,,,,x,,
2022SpringLakeAugust9,SpringLake,2022,auricomus,22,female,Monarda fistulosa,Monarda,fistulosa,Lamiaceae,,mon fis,,,,,x,,
2022SpringLakeAugust9,SpringLake,2022,auricomus,1,female,Ratibida pinnata,Ratibida,pinnata,Asteraceae,,rat pin,,,,,x,,
2022SpringLakeAugust9,SpringLake,2022,auricomus,1,female,Veronicastrum virginicum,Veronicastrum,virginicum,Fabaceae,,culvers root,,,,,x,,
2022SpringLakeJuly7,SpringLake,2022,auricomus,1,female,Baptisia lactea,Baptisia,lactea,Fabaceae,,white wild indigo,,,,,,,
2022SpringLakeJuly7,SpringLake,2022,auricomus,1,female,Dalea purpurea,Dalea,purpurea,Fabaceae,,purple prairie clover,,,,,,,
2022SpringLakeJuly7,SpringLake,2022,auricomus/pensylvanicus,2,female,Baptisia purpurea,Baptisia,purpurea,Fabaceae,,white wild indigo,,,,"not captured, just seen while walking. No volunteers showed up at this event, all observations by UMN, Xerces, GRG",,,
2022RitterAugust25,Ritter,2022,bimaculatus,1,female,Eutrochium maculatum,Eutrochium,maculatum,,,,,,,,,,
2022RitterAugust9,Ritter,2022,bimaculatus,1,female,Echinacea purpurea,Echinacea,purpurea,Asteraceae,,echnacea,,,,,x,,
2022RitterAugust9,Ritter,2022,bimaculatus,1,female,Ratibida pinnata,Ratibida,pinnata,Asteraceae,,rat pin,,,,,x,,
2022RitterAugust9,Ritter,2022,bimaculatus,2,female,Monarda fistulosa,Monarda,fistulosa,Lamiaceae,,mon fis,,,,,x,,
2022RitterAugust9,Ritter,2022,bimaculatus,6,male,Monarda fistulosa,Monarda,fistulosa,Lamiaceae,,mon fis,,,,,x,,
2022RitterJuly7,Ritter,2022,bimaculatus,14,female,Sorbaria sorbifolia,Sorbaria,sorbifolia,Rosaceae,,false spirea,,,,,,,
2022SpringLakeAugust9,SpringLake,2022,bimaculatus,2,female,Monarda fistulosa,Monarda,fistulosa,Lamiaceae,,mon fis,,,,,x,,
2022SpringLakeAugust9,SpringLake,2022,bimaculatus,1,male,Pycnanthemum virginianum,Pycnanthemum,virginianum,Lamiaceae,,pyc vir,,,,,x,,
2022SpringLakeAugust9,SpringLake,2022,bimaculatus,2,female,Veronicastrum virginicum,Veronicastrum,virginicum,Fabaceae,,culvers root,,,,,x,,
2022SpringLakeAugust25,SpringLake,2022,citrinus,1,female,Liatris aspera,Liatris,aspera,,,,,,,,x,,
2022SpringLakeAugust25,SpringLake,2022,citrinus,1,male,Silphium perfoliatum,Silphium,perfoliatum,,,,,,,,x,,
2022SpringLakeAugust25,SpringLake,2022,citrinus,5,male,Solidago canadensis,Solidago,canadensis,,,,,,,,x,,
2022SpringLakeSeptember12,SpringLake,2022,citrinus,2,male,Solidago speciosa,Solidago,speciosa,Asteraceae,,,,,,,x,,
2022RitterAugust9,Ritter,2022,griseocollis,1,female,Echinacea purpurea,Echinacea,purpurea,Asteraceae,,echnacea,,,,,x,,
2022RitterAugust9,Ritter,2022,griseocollis,4,male,Echinacea purpurea,Echinacea,purpurea,Asteraceae,,echnacea,,,,,x,,
2022RitterAugust9,Ritter,2022,griseocollis,4,male,Ratibida pinnata,Ratibida,pinnata,Asteraceae,,rat pin,,,,,x,,
2022RitterAugust9,Ritter,2022,griseocollis,16,male,Monarda fistulosa,Monarda,fistulosa,Lamiaceae,,mon fis,,,,,x,,
2022RitterAugust9,Ritter,2022,griseocollis,1,male,Agastache foeniculum,Agastache,foeniculum,Lamiaceae,,anise hyss,,,,,x,,
2022RitterAugust9,Ritter,2022,griseocollis,1,male,Eutrochium maculatum,Eutrochium,maculatum,Asteraceae,,joe pye,,,,,x,,
2022RitterAugust9,Ritter,2022,griseocollis,1,female,Pycnanthemum virginianum,Pycnanthemum,virginianum,Lamiaceae,,mt mint,,,,,x,,
2022SpringLakeAugust25,SpringLake,2022,griseocollis,2,female,Lespedeza capitata,Lespedeza,capitata,,,,,,,,x,,
2022SpringLakeAugust25,SpringLake,2022,griseocollis,1,female,Gentiana alba,Gentiana,alba,,,,,,,,x,,
2022SpringLakeAugust25,SpringLake,2022,griseocollis,1,male,Monarda fistulosa,Monarda,fistulosa,,,,,,,,x,,
2022SpringLakeAugust25,SpringLake,2022,griseocollis,1,male,Pycnanthemum virginianum,Pycnanthemum,virginianum,,,,,,,,x,,
2022SpringLakeAugust25,SpringLake,2022,griseocollis,2,male,Solidago canadensis,Solidago,canadensis,,,,,,,,x,,
2022SpringLakeAugust25,SpringLake,2022,griseocollis,1,female,Rhus glabra,Rhus,glabra,,,,,,,,x,,
2022SpringLakeAugust25,SpringLake,2022,griseocollis,1,female,Ratibida sp.,Ratibida,sp.,,,,,,,,x,,
2022SpringLakeAugust9,SpringLake,2022,griseocollis,3,male,Ratibida pinnata,Ratibida,pinnata,Asteraceae,,rat pin,,,,,x,,
2022SpringLakeAugust9,SpringLake,2022,griseocollis,1,female,Pycnanthemum virginianum,Pycnanthemum,virginianum,Lamiaceae,,pyc vir,,,,,x,,
2022SpringLakeAugust9,SpringLake,2022,griseocollis,1,female,Pycnathemum verticillatum,Pycnanthemum,verticillatum,Lamiaceae,,hairy mt mint,,,,,x,,
2022SpringLakeAugust9,SpringLake,2022,griseocollis,1,female,Veronicastrum virginicum,Veronicastrum,virginicum,Fabaceae,,culvers root,,,,,x,,
2022SpringLakeSeptember12,SpringLake,2022,griseocollis,3,male,Solidago speciosa,Solidago,speciosa,Asteraceae,,,,,,,x,,
2022RitterAugust25,Ritter,2022,impatiens,27,female,Impatiens capensis,Impatiens,capensis,,,,,,,,x,,
2022RitterAugust25,Ritter,2022,impatiens,1,male,Impatiens capensis,Impatiens,capensis,,,,,,,,x,,
2022RitterAugust25,Ritter,2022,impatiens,2,female,Echinacea purpurea,Echinacea,purpurea,,,,,,,,x,,
2022RitterAugust25,Ritter,2022,impatiens,1,female,Eutrochium maculatum,Eutrochium,maculatum,,,,,,,,x,,
2022RitterAugust25,Ritter,2022,impatiens,2,female,Solidago canadensis,Solidago,canadensis,,,,,,,,x,,
2022RitterAugust25,Ritter,2022,impatiens,2,female,Solanum dulcamara,Solanum,dulcamara,,,,,,,,x,,
2022RitterAugust25,Ritter,2022,impatiens,1,female,Agastache sp.,Agastache,sp.,,,,,,,,x,,
2022RitterAugust25,Ritter,2022,impatiens,3,female,Cirsium discolor,Cirsium,discolor,,,,,,,,x,,
2022RitterAugust25,Ritter,2022,impatiens,1,female,Veronicastrum virginicum,Veronicastrum,virginianum,,,,,,,,x,,
2022RitterAugust9,Ritter,2022,impatiens,22,female,Pycnanthemum virginianum,Pycnanthemum,virginianum,Lamiaceae,,mt mint,,,,,x,,
2022RitterAugust9,Ritter,2022,impatiens,5,female,Echinacea purpurea,Echinacea,purpurea,Asteraceae,,echnacea,,,,,x,,
2022RitterAugust9,Ritter,2022,impatiens,8,female,Veronicastrum virginicum,Veronicastrum,virginicum,Fabaceae,,culvers root,,,,,x,,
2022RitterAugust9,Ritter,2022,impatiens,2,male,Veronicastrum virginicum,Veronicastrum,virginicum,Fabaceae,,culvers root,,,,,x,,
2022RitterAugust9,Ritter,2022,impatiens,9,female,Monarda fistulosa,Monarda,fistulosa,Lamiaceae,,mon fis,,,,,x,,
2022RitterAugust9,Ritter,2022,impatiens,1,female,Cirsium vulgare,Cirsium,vulgare,Asteraceae,,bull thistle,,,,,x,,
2022RitterAugust9,Ritter,2022,impatiens,2,female,Ratibida pinnata,Ratibida,pinnata,Asteraceae,,rat pin,,,,,x,,
2022RitterAugust9,Ritter,2022,impatiens,2,female,Verbena stricta,Verbena,stricta,,,,,,,,x,,
2022RitterAugust9,Ritter,2022,impatiens,1,female,N/A,N/A,N/A,,,,,,,,x,,
2022RitterAugust9,Ritter,2022,impatiens,1,female,Eutrochium maculatum,Eutrochium,maculatum,Asteraceae,,joe pye,,,,,x,,
2022RitterJuly7,Ritter,2022,impatiens,6,female,Sorbaria sorbifolia,Sorbaria,sorbifolia,Rosaceae,,false spirea,,,,,,,
2022SpringLakeAugust25,SpringLake,2022,impatiens,21,female,Solidago canadensis,Solidago,canadensis,,,,,,,,x,,
2022SpringLakeAugust25,SpringLake,2022,impatiens,7,male,Solidago canadensis,Solidago,canadensis,,,,,,,,x,,
2022SpringLakeAugust25,SpringLake,2022,impatiens,13,female,Lespedeza capitata,Lespedeza,capitata,,,,,,,,x,,
2022SpringLakeAugust25,SpringLake,2022,impatiens,2,female,Silphium perfoliatum,Silphium,perfoliatum,,,,,,,,x,,
2022SpringLakeAugust25,SpringLake,2022,impatiens,2,female,Physotegia virginiana,Physotegia,virginiana,,,,,,,,x,,
2022SpringLakeAugust25,SpringLake,2022,impatiens,1,female,Veronicastrum virginicum,Veronicastrum,virginianum,,,,,,,,x,,
2022SpringLakeAugust25,SpringLake,2022,impatiens,1,female,N/A,N/A,N/A,,,,1,,,nest,x,,
2022SpringLakeAugust9,SpringLake,2022,impatiens,6,female,Veronicastrum virginicum,Veronicastrum,virginicum,Fabaceae,,culvers root,,,,,x,,
2022SpringLakeAugust9,SpringLake,2022,impatiens,2,male,Veronicastrum virginicum,Veronicastrum,virginicum,Fabaceae,,culvers root,,,,,x,,
2022SpringLakeAugust9,SpringLake,2022,impatiens,1,female,Desmodium canadense,Desmodium,canadense,Fabaceae,,tick trefoil,,,,,x,,
2022SpringLakeAugust9,SpringLake,2022,impatiens,1,male,Ratibida pinnata,Ratibida,pinnata,Asteraceae,,rat pin,,,,,x,,
2022SpringLakeAugust9,SpringLake,2022,impatiens,1,female,Monarda fistulosa,Monarda,fistulosa,Lamiaceae,,mon fis,,,,,x,,
2022SpringLakeSeptember12,SpringLake,2022,impatiens,1,female,Solidago canadensis,Solidago,canadensis,Asteraceae,,,,,,,x,,
2022SpringLakeSeptember12,SpringLake,2022,impatiens,3,male,Solidago canadensis,Solidago,canadensis,Asteraceae,,,,,,,x,,
2022SpringLakeSeptember12,SpringLake,2022,impatiens,9,female,Solidago speciosa,Solidago,speciosa,Asteraceae,,,,,,,x,,
2022SpringLakeSeptember12,SpringLake,2022,impatiens,57,male,Solidago speciosa,Solidago,speciosa,Asteraceae,,,,,,,x,,
2022SpringLakeSeptember12,SpringLake,2022,impatiens,1,female,Solidago rigida,Solidago,rigida,Asteraceae,,,,,,,x,,
2022SpringLakeSeptember12,SpringLake,2022,impatiens,2,male,Solidago rigida,Solidago,rigida,Asteraceae,,,,,,,x,,
2022RitterAugust9,Ritter,2022,pensylvanicus,1,female,Monarda fistulosa,Monarda,fistulosa,Lamiaceae,,mon fis,,,,,,,
2022RitterJuly7,Ritter,2022,pensylvanicus,2,female,Sorbaria sorbifolia,Sorbaria,sorbifolia,Rosaceae,,false spirea,,,,,,,
2022RitterAugust9,Ritter,2022,rufocinctus,1,female,Ratibida pinnata,Ratibida,pinnata,Asteraceae,,rat pin,,,,,x,,
2022SpringLakeAugust25,SpringLake,2022,rufocinctus,1,male,Monarda fistulosa,Monarda,fistulosa,,,,,,,,,,
2022SpringLakeAugust25,SpringLake,2022,rufocinctus,1,male,Lespedeza capitata,Lespedeza,capitata,,,,,,,,,,
2022SpringLakeAugust9,SpringLake,2022,rufocinctus,1,male,N/A,Patrolling,N/A,,,,,,,,,,
2022SpringLakeSeptember12,SpringLake,2022,rufocinctus,1,female,Solidago speciosa,Solidago,speciosa,Asteraceae,,,1,,,,x,,
2022RitterAugust25,Ritter,2022,vagans,16,female,Impatiens capensis,Impatiens,capensis,,,,,,,,x,,
2022RitterAugust25,Ritter,2022,vagans,1,male,Solidago canadensis,Solidago,canadensis,,,,,,,,x,,
2022RitterAugust25,Ritter,2022,vagans,3,male,Impatiens capensis,Impatiens,capensis,,,,,,,,x,,
2022RitterAugust25,Ritter,2022,vagans,1,female,Agastache sp.,Agastache,sp.,,,,,,,,,,
2022RitterAugust9,Ritter,2022,vagans,9,female,Monarda fistulosa,Monarda,fistulosa,Lamiaceae,,mon fis,,,,,x,,
2022RitterAugust9,Ritter,2022,vagans,2,female,Echinacea purpurea,Echinacea,purpurea,Asteraceae,,echnacea,,,,,x,,
2022RitterAugust9,Ritter,2022,vagans,1,female,Veronicastrum virginicum,Veronicastrum,virginicum,Fabaceae,,culvers root,,,,,x,,
2022RitterAugust9,Ritter,2022,vagans,1,female,Allium cernuum,Allium,cernuum,Liliaceae,,knodding wild onion,,,,,x,,
2022RitterAugust9,Ritter,2022,vagans,1,female,Ratibida pinnata,Ratibida,pinnata,Asteraceae,,rat pin,,,,,x,,
2022SpringLakeAugust25,SpringLake,2022,vagans,3,female,Physotegia virginiana,Physotegia,virginiana,,,,,,,,x,,
2022SpringLakeAugust25,SpringLake,2022,vagans,3,female,Solidago canadensis,Solidago,canadensis,,,,,,,,x,,
2022SpringLakeAugust25,SpringLake,2022,vagans,1,female,Physotegia virginiana,Physotegia,virginiana,,,,,,,,x,,
2022SpringLakeAugust25,SpringLake,2022,vagans,1,female,Solidago canadensis,Solidago,canadensis,,,,,,,,x,,
2022SpringLakeAugust9,SpringLake,2022,vagans,1,female,Monarda fistulosa,Monarda,fistulosa,Lamiaceae,,mon fis,,,,,,,
2022SpringLakeSeptember12,SpringLake,2022,vagans,2,male,Solidago speciosa,Solidago,speciosa,Asteraceae,,,,,,,x,,
2023RitterJuly7,Ritter,2023,impatiens,18,female,Sorbaria sorbifolia,Sorbaria,sorbifolia,,,,,,,,,,
2023RitterJuly7,Ritter,2023,impatiens,5,female,Cirsium arvense,Cirsium,arvense,,,,,,,,,,
2023RitterJuly7,Ritter,2023,impatiens,1,male,Cirsium arvense,Cirsium,arvense,,,,,,,,,,
2023RitterJuly7,Ritter,2023,bimaculatus,8,female,Sorbaria sorbifolia,Sorbaria,sorbifolia,,,,,,,,,,
2023RitterJuly7,Ritter,2023,bimaculatus,1,female,Pycnanthemum virginianum,Pycnanthemum,virginianum,,,Mt mint,,,,,,,
2023RitterJuly7,Ritter,2023,bimaculatus,1,female,Agastache foeniculum,Agastache,foeniculum,,,,,,,,,,
2023RitterJuly7,Ritter,2023,bimaculatus,5,female,Cirsium arvense,Cirsium,arvense,,,,,,,,,,
2023RitterJuly7,Ritter,2023,bimaculatus,5,male,Sorbaria sorbifolia,Sorbaria,sorbifolia,,,,,,,,,,
2023RitterJuly7,Ritter,2023,bimaculatus,3,male,Monarda fistulosa,Monarda,fistulosa,Lamiaceae,,Mon fis,,,,,,,
2023RitterJuly7,Ritter,2023,bimaculatus,2,male,Nepeta sp.,Nepeta,sp.,,,catmint,,,,,,,
2023RitterJuly7,Ritter,2023,bimaculatus,1,male,Agastache foeniculum,Agastache,foeniculum,,,,,,,,,,
2023RitterJuly7,Ritter,2023,bimaculatus,4,male,Cirsium arvense,Cirsium,arvense,,,,,,,,,,
2023RitterJuly7,Ritter,2023,griseocollis,1,female,Sorbaria sorbifolia,Sorbaria,sorbifolia,,,,,,,,,,
2023RitterJuly7,Ritter,2023,griseocollis,1,female,Cirsium arvense,Cirsium,arvense,,,,,,,,,,
2023RitterJuly7,Ritter,2023,griseocollis,1,male,Cirsium arvense,Cirsium,arvense,,,,,,,,,,
2023RitterJuly7,Ritter,2023,auricomus,1,female,Sorbaria sorbifolia,Sorbaria,sorbifolia,,,,,,,,,,
2023RitterJuly7,Ritter,2023,vagans,1,female,Nepeta sp.,Nepeta,sp.,,,catmint,,,,,,,
2023RitterJuly7,Ritter,2023,vagans,1,female,Echinacea purpurea,Echinacea,purpurea,,,,,,,,,,
2023RitterJuly7,Ritter,2023,vagans,1,female,Cirsium arvense,Cirsium,arvense,,,,,,,,,,
2023RitterJuly7,Ritter,2023,rufocinctus,2,female,Sorbaria sorbifolia,Sorbaria,sorbifolia,,,,,,,,,,
2023RitterJuly7,Ritter,2023,rufocinctus,1,female,Trifolium repens,Trifolium,repens,,,,,,,,,,
2023RitterJuly7,Ritter,2023,rufocinctus,1,female,Echinacea purpurea,Echinacea,purpurea,,,,,,,,,,
2023SpringLakeJuly7,SpringLake,2023,bimaculatus,6,female,Monarda fistulosa,Monarda,fistulosa,,,Mon fist,,,,,,,
2023SpringLakeJuly7,SpringLake,2023,bimaculatus,6,female,Desmodium canadense,Desmodium,canadense,,,Desmodium,,,,,,,
2023SpringLakeJuly7,SpringLake,2023,bimaculatus,2,female,Dalea candida,Dalea,candida,,,,,,,,,,
2023SpringLakeJuly7,SpringLake,2023,bimaculatus,2,male,Monarda fistulosa,Monarda,fistulosa,,,,,,,,,,
2023SpringLakeJuly7,SpringLake,2023,griseocollis,2,female,Monarda fistulosa,Monarda,fistulosa,,,,,,,,,,
2023SpringLakeJuly7,SpringLake,2023,griseocollis,9,female,Desmodium canadense,Desmodium,canadense,,,,,,,,,,
2023SpringLakeJuly7,SpringLake,2023,griseocollis,3,female,Dalea purpurea,Dalea,purpurea,,,,,,,,,,
2023SpringLakeJuly7,SpringLake,2023,griseocollis,2,female,Dalea candida,Dalea,candida,,,,,,,,,,
2023SpringLakeJuly7,SpringLake,2023,griseocollis,1,female,Vicia villosa,Vicia,villosa,,,,,,,,,,
2023SpringLakeJuly7,SpringLake,2023,griseocollis,4,male,Monarda fistulosa,Monarda,fistulosa,,,,,,,,,,
2023SpringLakeJuly7,SpringLake,2023,griseocollis,1,male,Dalea purpurea,Dalea,purpurea,,,,,,,,,,
2023SpringLakeJuly7,SpringLake,2023,auricomus,45,female,Monarda fistulosa,Monarda,fistulosa,,,,,,,,,,
2023SpringLakeJuly7,SpringLake,2023,auricomus,12,female,Desmodium canadense,Desmodium,canadense,,,,,,,,,,
2023SpringLakeJuly7,SpringLake,2023,auricomus,4,female,Baptisia alba,Baptisia,alba,,,Baptisa white,,,,,,,
2023SpringLakeJuly7,SpringLake,2023,auricomus,3,female,Dalea purpurea,Dalea,purpurea,,,,,,,,,,
2023SpringLakeJuly7,SpringLake,2023,auricomus,3,female,Dalea candida,Dalea,candida,,,,,,,,,,
2023SpringLakeJuly7,SpringLake,2023,auricomus,1,female,Vicia villosa,Vicia,villosa,,,,,,,,,,
2023SpringLakeJuly7,SpringLake,2023,auricomus,1,female,Veronicastrum virginicum,Veronicastrum,virginicum,,,culver's root,,,,,,,
2023SpringLakeJuly7,SpringLake,2023,vagans,1,male,Monarda fistulosa,Monarda,fistulosa,,,,,,,,,,
2023SpringLakeJuly7,SpringLake,2023,vagans,1,male,Veronicastrum virginicum,Veronicastrum,virginicum,,,,,,,,,,
2023SpringLakeJuly7,SpringLake,2023,vagans,1,male,Dalea purpurea,Dalea,purpurea,,,,,,,,,,
2023SpringLakeJuly7,SpringLake,2023,rufocinctus,1,female,Pycnanthemum virginianum,Pycnanthemum,virginianum,,,,,,,,,,
2023RitterAugust4,Ritter,2023,impatiens,67,female,Pycnanthemum virginianum,Pycnanthemum,virginianum,,,Mt mint,,,,,,,
2023RitterAugust4,Ritter,2023,impatiens,13,female,Monarda fistulosa,Monarda,fistulosa,,,Mon fist,,,,,,,
2023RitterAugust4,Ritter,2023,impatiens,7,female,Veronicastrum virginicum,Veronicastrum,virginicum,,,Culver's root,,,,,,,
2023RitterAugust4,Ritter,2023,impatiens,3,female,Echinacea purpurea,Echinacea,purpurea,,,Ech pur,,,,,,,
2023RitterAugust4,Ritter,2023,impatiens,1,female,Eryngium yuccifolium,Eryngium,yuccifolium,,,rattlesnake master,,,,,,,
2023RitterAugust4,Ritter,2023,impatiens,1,female,Ratibida pinnata,Ratibida,pinnata,,,Rat pin,,,,,,,
2023RitterAugust4,Ritter,2023,impatiens,2,female,Verbena stricta,Verbena,stricta,,,Ver stri,,,,,,,
2023RitterAugust4,Ritter,2023,impatiens,1,male,Monarda fistulosa,Monarda,fistulosa,,,,,,,,,,
2023RitterAugust4,Ritter,2023,impatiens,1,male,Ratibida pinnata,Ratibida,pinnata,,,,,,,,,,
2023RitterAugust4,Ritter,2023,impatiens,1,male,Verbena stricta,Verbena,stricta,,,,,,,,,,
2023RitterAugust4,Ritter,2023,bimaculatus,4,female,Monarda fistulosa,Monarda,fistulosa,,,,,,,,,,
2023RitterAugust4,Ritter,2023,bimaculatus,2,male,Monarda fistulosa,Monarda,fistulosa,,,,,,,,,,
2023RitterAugust4,Ritter,2023,griseocollis,8,male,Echinacea purpurea,Echinacea,purpurea,,,,,,,,,,
2023RitterAugust4,Ritter,2023,griseocollis,2,male,Pycnanthemum virginianum,Pycnanthemum,virginianum,,,,,,,,,,
2023RitterAugust4,Ritter,2023,griseocollis,18,male,Monarda fistulosa,Monarda,fistulosa,,,,,,,,,,
2023RitterAugust4,Ritter,2023,griseocollis,5,male,Ratibida pinnata,Ratibida,pinnata,,,,,,,,,,
2023RitterAugust4,Ritter,2023,griseocollis,2,female,Monarda fistulosa,Monarda,fistulosa,,,,,,,,,,
2023RitterAugust4,Ritter,2023,auricomus,1,female,Ratibida pinnata,Ratibida,pinnata,,,,,,,,,,
2023RitterAugust4,Ritter,2023,auricomus,22,female,Monarda fistulosa,Monarda,fistulosa,,,,,,,,,,
2023RitterAugust4,Ritter,2023,auricomus,2,female,Pycnanthemum virginianum,Pycnanthemum,virginianum,,,,,,,,,,
2023RitterAugust4,Ritter,2023,auricomus,1,female,Echinacea purpurea,Echinacea,purpurea,,,,,,,,,,
2023RitterAugust4,Ritter,2023,vagans,9,female,Monarda fistulosa,Monarda,fistulosa,,,,,,,,,,
2023RitterAugust4,Ritter,2023,vagans,2,female,Pycnanthemum virginianum,Pycnanthemum,virginianum,,,,,,,,,,
2023RitterAugust4,Ritter,2023,vagans,1,female,Ratibida pinnata,Ratibida,pinnata,,,,,,,,,,
2023RitterAugust4,Ritter,2023,vagans,1,female,Veronicastrum virginicum,Veronicastrum,virginicum,,,,,,,,,,
2023RitterAugust4,Ritter,2023,vagans,1,female,Echinacea purpurea,Echinacea,purpurea,,,,,,,,,,
2023RitterAugust4,Ritter,2023,rufocinctus,2,female,Ratibida pinnata,Ratibida,pinnata,,,,,,,,,,
2023RitterAugust4,Ritter,2023,rufocinctus,2,female,Pycnanthemum virginianum,Pycnanthemum,virginianum,,,,,,,,,,
2023RitterAugust4,Ritter,2023,rufocinctus,1,female,Monarda fistulosa,Monarda,fistulosa,,,,,,,,,,
2023RitterAugust4,Ritter,2023,rufocinctus,1,male,Pycnanthemum virginianum,Pycnanthemum,virginianum,,,,,,,,,,
2023RitterAugust4,Ritter,2023,citrinus,1,male,Veronicastrum virginicum,Veronicastrum,virginicum,,,,,,,,,,
2023SpringLakeAugust4,SpringLake,2023,impatiens,22,female,Veronicastrum virginicum,Veronicastrum,virginicum,,,,,,,,,,
2023SpringLakeAugust4,SpringLake,2023,impatiens,1,female,Lespedeza capitata,Lespedeza,capitata,,,,,,,,,,
2023SpringLakeAugust4,SpringLake,2023,impatiens,2,male,Veronicastrum virginicum,Veronicastrum,virginicum,,,,,,,,,,
2023SpringLakeAugust4,SpringLake,2023,impatiens,1,male,Lespedeza capitata,Lespedeza,capitata,,,,,,,,,,
2023SpringLakeAugust4,SpringLake,2023,bimaculatus,1,male,Veronicastrum virginicum,Veronicastrum,virginicum,,,,,,,,,,
2023SpringLakeAugust4,SpringLake,2023,bimaculatus,1,female,Lespedeza capitata,Lespedeza,capitata,,,,,,,,,,
2023SpringLakeAugust4,SpringLake,2023,bimaculatus,1,male,Lespedeza capitata,Lespedeza,capitata,,,,,,,,,,
2023SpringLakeAugust4,SpringLake,2023,griseocollis,1,female,Lespedeza capitata,Lespedeza,capitata,,,,,,,,,,
2023SpringLakeAugust4,SpringLake,2023,griseocollis,1,male,Liatris pycnostachya,Liatris,pycnostachya,,,,,,,,,,
2023SpringLakeAugust4,SpringLake,2023,auricomus,28,female,Monarda fistulosa,Monarda,fistulosa,,,,,,,,,,
2023SpringLakeAugust4,SpringLake,2023,auricomus,1,female,Veronicastrum virginicum,Veronicastrum,virginicum,,,,,,,,,,
2023SpringLakeAugust4,SpringLake,2023,auricomus,1,female,Desmodium canadense,Desmodium,canadense,,,,,,,,,,
2023SpringLakeAugust4,SpringLake,2023,auricomus,1,male,Monarda fistulosa,Monarda,fistulosa,,,,,,,,,,
2023SpringLakeAugust4,SpringLake,2023,auricomus,2,male,perching,perching,,,,,,,,,,,
2023SpringLakeAugust4,SpringLake,2023,vagans,1,female,Monarda fistulosa,Monarda,fistulosa,,,,,,,,,,
2023SpringLakeAugust4,SpringLake,2023,vagans,1,female,Lespedeza capitata,Lespedeza,capitata,,,,,,,,,,
2023SpringLakeAugust4,SpringLake,2023,vagans,1,male,Monarda fistulosa,Monarda,fistulosa,,,,,,,,,,
2023SpringLakeAugust4,SpringLake,2023,vagans,2,male,Lespedeza capitata,Lespedeza,capitata,,,,,,,,,,
2023SpringLakeAugust4,SpringLake,2023,rufocinctus,1,male,Ratibida pinnata,Ratibida,pinnata,,,,,,,,,,
2023SpringLakeAugust4,SpringLake,2023,rufocinctus,2,male,perching,perching,,,,,,,,,,,
2023SpringLakeAugust4,SpringLake,2023,rufocinctus,4,female,Veronicastrum virginicum,Veronicastrum,virginicum,,,,,,,,,,
2023SpringLakeAugust4,SpringLake,2023,rufocinctus,1,female,Lespedeza capitata,Lespedeza,capitata,,,,,,,,,,
2023SpringLakeAugust4,SpringLake,2023,rufocinctus,1,male,Veronicastrum virginicum,Veronicastrum,virginicum,,,,,,,,,,
2023SpringLakeAugust4,SpringLake,2023,citrinus,1,male,Veronicastrum virginicum,Veronicastrum,virginicum,,,,,,,,,,
2023SpringLakeAugust4,SpringLake,2023,citrinus,1,male,Pycnanthemum sp.,Pycnanthemum,sp.,,,,,,,,,,
2023SpringLakeAugust4,SpringLake,2023,affinis,1,female,Veronicastrum virginicum,Veronicastrum,virginicum,,,,,,,,,,
2023RitterAugust17,Ritter,2023,impatiens,8,female,Echinacea purpurea,Echinacea,purpurea,,,,,,,,,,
2023RitterAugust17,Ritter,2023,impatiens,14,female,Pycnanthemum virginianum,Pycnanthemum,virginianum,,,,,,,,,,
2023RitterAugust17,Ritter,2023,impatiens,5,female,Veronia missurica,Veronia,missurica,,,,,,,,,,
2023RitterAugust17,Ritter,2023,impatiens,1,female,Ratibida pinnata,Ratibida,pinnata,,,,,,,,,,
2023RitterAugust17,Ritter,2023,impatiens,2,female,Monarda fistulosa,Monarda,fistulosa,,,bee balm,,,,,,,
2023RitterAugust17,Ritter,2023,impatiens,3,female,Heliopsis helianthoides,Heliopsis,helianthoides,,,,,,,,,,
2023RitterAugust17,Ritter,2023,impatiens,2,female,Sonchus oleraceus,Sonchus,oleraceus,,,sow thistle,,,,,,,
2023RitterAugust17,Ritter,2023,impatiens,2,female,Solidago canadensis,Solidago,canadensis,,,Sol can,,,,,,,
2023RitterAugust17,Ritter,2023,impatiens,1,female,Rudbeckia hirta,Rudbeckia,hirta,,,Rud hirt,,,,,,,
2023RitterAugust17,Ritter,2023,impatiens,2,male,Echinacea purpurea,Echinacea,purpurea,,,,,,,,,,
2023RitterAugust17,Ritter,2023,impatiens,34,male,Pycnanthemum virginianum,Pycnanthemum,virginianum,,,,,,,,,,
2023RitterAugust17,Ritter,2023,impatiens,3,male,Veronia missurica,Veronia,missurica,,,,,,,,,,
2023RitterAugust17,Ritter,2023,impatiens,2,male,perching,perching,,,,,,,,,,,
2023RitterAugust17,Ritter,2023,impatiens,5,male,Monarda fistulosa,Monarda,fistulosa,,,,,,,,,,
2023RitterAugust17,Ritter,2023,impatiens,2,male,Heliopsis helianthoides,Heliopsis,helianthoides,,,,,,,,,,
2023RitterAugust17,Ritter,2023,impatiens,3,male,Solidago canadensis,Solidago,canadensis,,,,,,,,,,
2023RitterAugust17,Ritter,2023,impatiens,4,male,Veronicastrum virginicum,Veronicastrum,virginicum,,,,,,,,,,
2023RitterAugust17,Ritter,2023,impatiens,2,female,Oxalis dillenii,Oxalis,dillenii,,,,,,,,,,
2023RitterAugust17,Ritter,2023,impatiens,2,female,Eutrochium purpureum,Eutrochium,purpureum,,,,,,,,,,
2023RitterAugust17,Ritter,2023,impatiens,1,female,Cirsium sp.,Cirsium,sp.,,,,,,,,,,
2023RitterAugust17,Ritter,2023,impatiens,1,male,Berteroa incana,Berteroa,incana,,,,,,,,,,
2023RitterAugust17,Ritter,2023,impatiens,6,male,Eutrochium purpureum,Eutrochium,purpureum,,,,,,,,,,
2023RitterAugust17,Ritter,2023,griseocollis,8,male,Echinacea purpurea,Echinacea,purpurea,,,,,,,,,,
2023RitterAugust17,Ritter,2023,griseocollis,4,male,Monarda fistulosa,Monarda,fistulosa,,,,,,,,,,
2023RitterAugust17,Ritter,2023,griseocollis,1,male,Veronia missurica,Veronia,missurica,,,,,,,,,,
2023RitterAugust17,Ritter,2023,griseocollis,1,male,Pycnanthemum virginianum,Pycnanthemum,virginianum,,,,,,,,,,
2023RitterAugust17,Ritter,2023,griseocollis,1,male,Cirsium vulgare,Cirsium,vulgare,,,,,,,,,,
2023RitterAugust17,Ritter,2023,auricomus,2,female,Monarda fistulosa,Monarda,fistulosa,,,,,,,,,,
2023RitterAugust17,Ritter,2023,vagans,2,female,Monarda fistulosa,Monarda,fistulosa,,,,,,,,,,
2023RitterAugust17,Ritter,2023,vagans,1,male,perching,perching,,,,,,,,,,,
2023RitterAugust17,Ritter,2023,vagans,1,male,Echinacea purpurea,Echinacea,purpurea,,,,,,,,,,
2023RitterAugust17,Ritter,2023,vagans,1,male,Pycnanthemum virginianum,Pycnanthemum,virginianum,,,,,,,,,,
2023RitterAugust17,Ritter,2023,vagans,1,male,Cirsium sp.,Cirsium,sp.,,,,,,,,,,
2023RitterAugust17,Ritter,2023,vagans,1,male,Rudbeckia hirta,Rudbeckia,hirta,,,,,,,,,,
2023RitterAugust17,Ritter,2023,vagans,1,female,Cirsium vulgare,Cirsium,vulgare,,,,,,,,,,
2023RitterAugust17,Ritter,2023,citrinus,2,male,Pycnanthemum virginianum,Pycnanthemum,virginianum,,,,,,,,,,
2023RitterAugust17,Ritter,2023,rufocinctus,1,female,Pycnanthemum virginianum,Pycnanthemum,virginianum,,,,,,,,,,
2023RitterAugust17,Ritter,2023,rufocinctus,1,male,Eutrochium purpureum,Eutrochium,purpureum,,,,,,,,,,
2023SpringLakeAugust17,SpringLake,2023,impatiens,1,female,Solidago canadensis,Solidago,canadensis,,,,,,,,,,
2023SpringLakeAugust17,SpringLake,2023,impatiens,10,male,Solidago canadensis,Solidago,canadensis,,,,,,,,,,
2023SpringLakeAugust17,SpringLake,2023,impatiens,1,male,Lespedeza capitata,Lespedeza,capitata,,,,,,,,,,
2023SpringLakeAugust17,SpringLake,2023,impatiens,1,female,Veronicastrum virginicum,Veronicastrum,virginicum,,,,,,,,,,
2023SpringLakeAugust17,SpringLake,2023,griseocollis,3,male,Solidago canadensis,Solidago,canadensis,,,,,,,,,,
2023SpringLakeAugust17,SpringLake,2023,griseocollis,1,male,perching,perching,,,,,,,,,,,
2023SpringLakeAugust17,SpringLake,2023,griseocollis,3,male,Lespedeza capitata,Lespedeza,capitata,,,,,,,,,,
2023SpringLakeAugust17,SpringLake,2023,griseocollis,1,male,Liatris ligulistylis,Liatris,ligulistylis,,,,,,,,,,
2023SpringLakeAugust17,SpringLake,2023,griseocollis,1,male,Veronicastrum virginicum,Veronicastrum,virginicum,,,,,,,,,,
2023SpringLakeAugust17,SpringLake,2023,auricomus,5,female,Monarda fistulosa,Monarda,fistulosa,,,,,,,,,,
2023SpringLakeAugust17,SpringLake,2023,auricomus,6,female,Gentiana alba,Gentiana,alba,,,,1,,,,,,
2023SpringLakeAugust17,SpringLake,2023,auricomus,1,female,Solidago canadensis,Solidago,canadensis,,,,,,,,,,
2023SpringLakeAugust17,SpringLake,2023,auricomus,2,male,Monarda fistulosa,Monarda,fistulosa,,,,,,,,,,
2023SpringLakeAugust17,SpringLake,2023,auricomus,4,male,perching,perching,,,,,,,,,,,
2023SpringLakeAugust17,SpringLake,2023,auricomus,2,male,Pycnanthemum virginianum,Pycnanthemum,virginianum,,,,,,,,,,
2023SpringLakeAugust17,SpringLake,2023,auricomus,3,male,Lespedeza capitata,Lespedeza,capitata,,,,,,,,,,
2023SpringLakeAugust17,SpringLake,2023,vagans,1,male,Pycnanthemum virginianum,Pycnanthemum,virginianum,,,,,,,,,,
2023SpringLakeAugust17,SpringLake,2023,citrinus,4,male,Pycnanthemum virginianum,Pycnanthemum,virginianum,,,,,,,,,,
2023SpringLakeAugust17,SpringLake,2023,citrinus,2,male,Liatris ligulistylis,Liatris,ligulistylis,,,,,,,,,,
2023SpringLakeAugust17,SpringLake,2023,citrinus,3,male,Solidago canadensis,Solidago,canadensis,,,,,,,,,,
2023SpringLakeAugust17,SpringLake,2023,citrinus,1,male,Veronicastrum virginicum,Veronicastrum,virginicum,,,,,,,,,,
2023SpringLakeAugust17,SpringLake,2023,citrinus,1,male,Silphium sp.,Silphium,sp.,,,,,,,,,,
2023SpringLakeAugust17,SpringLake,2023,rufocinctus,2,male,Lespedeza capitata,Lespedeza,capitata,,,,,,,,,,
2023SpringLakeAugust17,SpringLake,2023,rufocinctus,4,male,Solidago canadensis,Solidago,canadensis,,,,,,,,,,
2023SpringLakeAugust17,SpringLake,2023,rufocinctus,5,male,Veronicastrum virginicum,Veronicastrum,virginicum,,,,,,,,,,
2023SpringLakeAugust17,SpringLake,2023,rufocinctus,1,male,Silphium perfoliatum,Silphium,perfoliatum,,,,,,,,,,
2023SpringLakeAugust17,SpringLake,2023,rufocinctus,1,male,Ratibida pinnata,Ratibida,pinnata,,,,,,,,,,
2024RitterJuly12,Ritter,2024,impatiens,1,female,Leonurus cardiaca,Leonurus,cardiaca,Lamiaceae,Motherwort,Mother's wort,,,,,,,
2024RitterJuly12,Ritter,2024,impatiens,2,male,Leonurus cardiaca,Leonurus,cardiaca,Lamiaceae,Motherwort,,,,,,,,
2024RitterJuly12,Ritter,2024,bimaculatus,3,female,Nepeta cataria,Nepeta,cataria,Lamiaceae,Catnip,,,,,,,,
2024RitterJuly12,Ritter,2024,bimaculatus,1,female,N/A,N/A,N/A,NA,NA,Sorbaria sorlaifelia?,,,,,,,
2024RitterJuly12,Ritter,2024,bimaculatus,4,female,Leonurus cardiaca,Leonurus,cardiaca,Lamiaceae,Motherwort,Mother's wort,,,,,,,
2024RitterJuly12,Ritter,2024,bimaculatus,1,male,Nepeta cataria,Nepeta,cataria,Lamiaceae,Catnip,Nepeto cataria,,,,,,,
2024RitterJuly12,Ritter,2024,bimaculatus,2,male,Leonurus cardiaca,Leonurus,cardiaca,Lamiaceae,Motherwort,Mother's wort,,,,,,,
2024RitterJuly12,Ritter,2024,bimaculatus,1,male,N/A,N/A,N/A,NA,NA,unkn,,,,,,,
2024RitterJuly12,Ritter,2024,bimaculatus,1,male,Asclepias syriaca,Asclepias,syriaca,Apocynaceae,Common Milkweed,common milkweed,,,,,,,
2024RitterJuly12,Ritter,2024,griseocollis,1,male,Echinacea purpurea,Echinacea,purpurea,Asteraceae,Eastern Purple Coneflower,Ech purp,,,,,,,
2024RitterJuly12,Ritter,2024,auricomus,1,female,Nepeta cataria,Nepeta,cataria,Lamiaceae,Catnip,Catmint,,,,,,,
2024RitterJuly12,Ritter,2024,vagans,1,female,Nepeta cataria,Nepeta,cataria,Lamiaceae,Catnip,Catmint,,,,,,,
2024RitterJuly12,Ritter,2024,vagans,1,female,Penstemon sp.,Penstemon,sp.,Plantaginaceae,Beardtongue,Penstemon,,,,,,,
2024RitterJuly12,Ritter,2024,pensylvanicus,1,female,Nepeta cataria,Nepeta,cataria,Lamiaceae,Catnip,Catmint,,,,,,,
2024RitterAugust9,Ritter,2024,impatiens,80,female,Monarda fistulosa,Monarda,fistulosa,Lamiaceae,Wild Bergamont,Mon fist,,,,,,,
2024RitterAugust9,Ritter,2024,impatiens,1,male,Monarda fistulosa,Monarda,fistulosa,Lamiaceae,Wild Bergamont,Mon fist,,,,,,,
2024RitterAugust9,Ritter,2024,impatiens,3,female,Solidago canadensis,Solidago,canadensis,Asteraceae,Canada Goldenrod,Sol can,,,,,,,
2024RitterAugust9,Ritter,2024,impatiens,3,female,Cirsium arvense,Cirsium,arvense,Asteraceae,Canada Thistle,Cir arvense,,,,,,,
2024RitterAugust9,Ritter,2024,impatiens,1,male,Cirsium arvense,Cirsium,arvense,Asteraceae,Canada Thistle,Cir arvense,,,,,,,
2024RitterAugust9,Ritter,2024,impatiens,5,female,Cirsium discolor,Cirsium,discolor,Asteraceae,Field Thistle,Cir Dis,,,,,,,
2024RitterAugust9,Ritter,2024,impatiens,1,male,Cirsium discolor,Cirsium,discolor,Asteraceae,Field Thistle,Cir Dis,,,,,,,
2024RitterAugust9,Ritter,2024,impatiens,3,female,Agastache foeniculum,Agastache,foeniculum,Lamiaceae,Blue Giant Hyssop,Aga Foe,,,,,,,
2024RitterAugust9,Ritter,2024,bimaculatus,1,female,Cirsium discolor,Cirsium,discolor,Asteraceae,Field Thistle,Cir Dis,1,,,,,,
2024RitterAugust9,Ritter,2024,bimaculatus,4,female,Monarda fistulosa,Monarda,fistulosa,Lamiaceae,Wild Bergamont,Mon fist,,,,,,,
2024RitterAugust9,Ritter,2024,bimaculatus,9,male,Monarda fistulosa,Monarda,fistulosa,Lamiaceae,Wild Bergamont,Mon fist,,,,,,,
2024RitterAugust9,Ritter,2024,bimaculatus,1,male,Cirsium vulgare,Cirsium,vulgare,Asteraceae,Bull Thistle,Cir vulgaris,,,,,,,
2024RitterAugust9,Ritter,2024,griseocollis,15,female,Monarda fistulosa,Monarda,fistulosa,Lamiaceae,Wild Bergamont,Mon fist,1,,,,,,
2024RitterAugust9,Ritter,2024,griseocollis,7,male,Monarda fistulosa,Monarda,fistulosa,Lamiaceae,Wild Bergamont,Mon fist,,,,,,,
2024RitterAugust9,Ritter,2024,griseocollis,1,female,N/A,N/A,N/A,NA,NA,Unkn,,,,,,,
2024RitterAugust9,Ritter,2024,griseocollis,2,female,Cirsium discolor,Cirsium,discolor,Asteraceae,Field Thistle,Cir Dis,,,,,,,
2024RitterAugust9,Ritter,2024,griseocollis,1,male,Cirsium discolor,Cirsium,discolor,Asteraceae,Field Thistle,Cir Dis,,,,,,,
2024RitterAugust9,Ritter,2024,auricomus,56,female,Monarda fistulosa,Monarda,fistulosa,Lamiaceae,Wild Bergamont,Mon fist,,,,,,,
2024RitterAugust9,Ritter,2024,auricomus,10,female,Cirsium discolor,Cirsium,discolor,Asteraceae,Field Thistle,Cir Dis,2,,,,,,
2024RitterAugust9,Ritter,2024,auricomus,1,female,Solidago canadensis,Solidago,canadensis,Asteraceae,Canada Goldenrod,Sol can,,,,,,,
2024RitterAugust9,Ritter,2024,auricomus,1,female,Cirsium vulgare,Cirsium,vulgare,Asteraceae,Bull Thistle,Cir vul,,,,,,,
2024RitterAugust9,Ritter,2024,vagans,7,female,Monarda fistulosa,Monarda,fistulosa,Lamiaceae,Wild Bergamont,Mon fist,,,,,,,
2024RitterAugust9,Ritter,2024,vagans,1,male,Monarda fistulosa,Monarda,fistulosa,Lamiaceae,Wild Bergamont,Mon fist,,,,,,,
2024RitterAugust9,Ritter,2024,fervidus,3,male,Monarda fistulosa,Monarda,fistulosa,Lamiaceae,Wild Bergamont,Mon fist,,,,,,,
2024RitterAugust9,Ritter,2024,fervidus,1,male,Leonurus cardiaca,Leonurus,cardiaca,Lamiaceae,Motherwort,Motherwort,,,,,,,
2024RitterAugust9,Ritter,2024,citrinus,2,male,Cirsium discolor,Cirsium,discolor,Asteraceae,Field Thistle,Cir dis,,,,,,,
2024RitterAugust9,Ritter,2024,pensylvanicus,1,female,Cirsium discolor,Cirsium,discolor,Asteraceae,Field Thistle,Cir dis,,,,,,,
2024RitterAugust9,Ritter,2024,pensylvanicus,1,female,Monarda fistulosa,Monarda,fistulosa,Lamiaceae,Wild Bergamont,Mon fist,,,,,,,
2025RitterJuly11,Ritter,2025,impatiens,10,female,Cirsium arvense,Cirsium,arvense,Asteraceae,Canada thistle,Cirs arv,,,*,,,,
2025RitterJuly11,Ritter,2025,bimaculatus,1,female,N/A,N/A,N/A,N/A,N/A,N/A,,,,,,,
2025RitterJuly11,Ritter,2025,bimaculatus,15,female,Monarda fistulosa,Monarda,fistulosa,Lamiaceae,Wild bergamont,Monarda fist,,,*,,,,
2025RitterJuly11,Ritter,2025,bimaculatus,22,male,Monarda fistulosa,Monarda,fistulosa,Lamiaceae,Wild bergamont,Monarda fist,,,,,,,
2025RitterJuly11,Ritter,2025,bimaculatus,13,female,Nepeta cataria,Nepeta,cataria,Lamiaceae,Catnip,Nepata cataria,10,,,,,,
2025RitterJuly11,Ritter,2025,bimaculatus,10,male,Nepeta cataria,Nepeta,cataria,Lamiaceae,Catnip,Nepata cataria,,,,,,,
2025RitterJuly11,Ritter,2025,bimaculatus,2,male,Leonurus cardiaca,Leonurus,cardiaca,Lamiaceae,Motherwort,Motherwort,,,,,,,
2025RitterJuly11,Ritter,2025,bimaculatus,1,male,Berteroa incana,Berteroa,incana,Brassicaceae,Hoary allysum,Hoary allysum,,,,,,,
2025RitterJuly11,Ritter,2025,bimaculatus,2,male,Pycnanthemum virginianum,Pycnanthemum,virginianum,Lamiaceae,Mountain mint,Mount mint,,,,,,,
2025RitterJuly11,Ritter,2025,bimaculatus,10,female,Cirsium arvense,Cirsium,arvense,Asteraceae,Canada thistle,Cirs arv,,,,,,,
2025RitterJuly11,Ritter,2025,bimaculatus,1,male,Asclepias syriaca,Asclepias,syriaca,Apocynaceae,Common milkweed,Asc syr,,,,,,,
2025RitterJuly11,Ritter,2025,griseocollis,2,female,Asclepias syriaca,Asclepias,syriaca,Apocynaceae,Common milkweed,Asc syr,,,,,,,
2025RitterJuly11,Ritter,2025,griseocollis,1,male,Asclepias syriaca,Asclepias,syriaca,Apocynaceae,Common milkweed,Asc syr,,,,,,,
2025RitterJuly11,Ritter,2025,griseocollis,2,female,Pycnanthemum virginianum,Pycnanthemum,virginianum,Lamiaceae,Mountain mint,mount mint,,,*,,,,
2025RitterJuly11,Ritter,2025,griseocollis,1,male,Echinacea angustifolia,Echinacea,angustifolia,Asteraceae,Narrow-leaved purple coneflower,Ech angus,,,*,,,,
2025RitterJuly11,Ritter,2025,griseocollis,2,female,Asclepias verticillata,Asclepias,verticillita,Apocynaceae,Whorled milkweed,asl vert whorled,,,,,,,
2025RitterJuly11,Ritter,2025,auricomus,2,female,Cirsium arvense,Cirsium,arvense,Asteraceae,Canada thistle,Cirs arv,,,*,,,,
2025RitterJuly11,Ritter,2025,vagans,2,female,Lotus corniculatus,Lotus,corniculatus,Fabaceae,Birds-foot Trefoil,Lot corn,,,,,,,
2025RitterJuly11,Ritter,2025,vagans,1,female,Veronica catenata,Veronica,catenata,Plantiganaceae,Water speedwell,vert cat,,,*,,,,
2025RitterJuly11,Ritter,2025,vagans,1,female,Echinacea pallida,Echinacea,pallida,Asteraceae,Pale purple coneflower,Ech pall,,,*,,,,
2025RitterJuly11,Ritter,2025,rufocinctus,2,female,Cirsium arvense,Cirsium,arvense,Asteraceae,Canada thistle,cirs arv,,,,,,,
2025RitterJuly11,Ritter,2025,bimaculatus,7,male,Cirsium arvense,Cirsium,arvense,Asteraceae,Canada thistle,cir arc,,,,,,,
2025RitterJuly11,Ritter,2025,bimaculatus,10,female,Verbena stricta,Verbena,stricta,Verbenaceae,Hoary vervain,Ver str,,,,,,,
2025RitterJuly11,Ritter,2025,bimaculatus,20,male,Verbena stricta,Verbena,stricta,Verbenaceae,Hoary vervain,Ver str,,,,,,,
2025RitterJuly11,Ritter,2025,bimaculatus,1,female,Rudbeckia hirta,Rudbeckia,hirta,Asteraceae,Black-eyed susan,Rud hir,,,,,,,
2025RitterJuly11,Ritter,2025,bimaculatus,4,female,Agastache foeniculum,Agastache,foeniculum,Lamiaceae,Blue giant hyssop,Aga foe,,,,,,,
2025RitterJuly11,Ritter,2025,bimaculatus,5,male,Agastache foeniculum,Agastache,foeniculum,Lamiaceae,Blue giant hyssop,Aga foe,,,,,,,
2025RitterJuly11,Ritter,2025,griseocollis,1,female,Monarda fistulosa,Monarda,fistulosa,Lamiaceae,Wild bergamont,Mon foe,,,,,,,
2025RitterJuly11,Ritter,2025,griseocollis,2,female,Verbena stricta,Verbena,stricta,Verbenaceae,Hoary vervain,Ver str,,,,,,,
2025RitterJuly11,Ritter,2025,griseocollis,2,male,Verbena stricta,Verbena,stricta,Verbenaceae,Hoary vervain,Ver str,,,,,,,
2025RitterJuly11,Ritter,2025,griseocollis,4,female,Cirsium arvense,Cirsium,arvense,Asteraceae,Canada thistle,Cir arv,,,,,,,
2025RitterJuly11,Ritter,2025,griseocollis,2,male,Cirsium arvense,Cirsium,arvense,Asteraceae,Canada thistle,Cir arv,,,,,,,
2025RitterJuly11,Ritter,2025,auricomus,2,female,Monarda fistulosa,Monarda,fistulosa,Lamiaceae,Wild bergamont,Mon fis,,,,,,,
2025RitterJuly11,Ritter,2025,auricomus,3,female,Verbena stricta,Verbena,stricta,Verbenaceae,Hoary vervain,ver str,,,,,,,
2025RitterJuly11,Ritter,2025,auricomus,1,male,Verbena stricta,Verbena,stricta,Verbenaceae,Hoary vervain,ver str,,,,,,,
2025RitterJuly11,Ritter,2025,rufocinctus,1,female,N/A,N/A,N/A,N/A,?,?,,,,,,,
2025RitterJuly11,Ritter,2025,vagans,1,female,Cirsium arvense,Cirsium,arvense,Asteraceae,Canada thistle,cir arv,,,,,,,
2025RitterJuly11,Ritter,2025,vagans,2,female,Agastache foeniculum,Agastache,foeniculum,Lamiaceae,Blue giant hyssop,Aga foe,,,,,,,
2025RitterJuly25,Ritter,2025,impatiens,1,female,Melilotus officinalis,Melilotus,officianalis,Fabaceae,Yellow sweet clover,Melilotus yelow,,,,,,,
2025RitterJuly25,Ritter,2025,impatiens,49,female,Monarda fistulosa,Monarda,fistulosa,Lamiaceae,Wild bergamont,monarda,1,,,,,,
2025RitterJuly25,Ritter,2025,impatiens,2,male,Monarda fistulosa,Monarda,fistulosa,Lamiaceae,Wild bergamont,Mon fis,,,,,,,
2025RitterJuly25,Ritter,2025,impatiens,2,female,Echinacea angustifolia,Echinacea,angustifolia,Asteraceae,Narrow-leaved purple coneflower,Echinachea angustifolia,,,,,,,
2025RitterJuly25,Ritter,2025,impatiens,4,female,Veronicastrum virginicum,Veronicastrum,virginicum,Plantaginaceae,Culver's root,Culvers root,,,,,,,
2025RitterJuly25,Ritter,2025,impatiens,5,male,Veronicastrum virginicum,Veronicastrum,virginicum,Plantaginaceae,Culver's root,Culvers root,,,,,,,
2025RitterJuly25,Ritter,2025,impatiens,1,female,Scrophularia marilandica,Scrophularia,marilandica,Scrophulariaceae,Maryland figwort,Maryland Figwort,,,,,,,
2025RitterJuly25,Ritter,2025,impatiens,12,female,Agastache foeniculum,Agastache,foeniculum,Lamiaceae,Giant blue hyssop,Aga foe,,,,,,,
2025RitterJuly25,Ritter,2025,impatiens,1,male,Agastache foeniculum,Agastache,foeniculum,Lamiaceae,Giant blue hyssop,Aga foe,,,,,,,
2025RitterJuly25,Ritter,2025,impatiens,10,female,Verbena stricta,Verbena,stricta,Verbenaceae,Hoary vervain,Ver str,,,,,,,
2025RitterJuly25,Ritter,2025,impatiens,1,male,Verbena stricta,Verbena,stricta,Verbenaceae,Hoary vervain,Ver str,,,,,,,
2025RitterJuly25,Ritter,2025,bimaculatus,61,female,Monarda fistulosa,Monarda,fistulosa,Lamiaceae,Wild bergamont,Monarda,8,,,,,,
2025RitterJuly25,Ritter,2025,bimaculatus,52,male,Monarda fistulosa,Monarda,fistulosa,Lamiaceae,Wild bergamont,Monarda,,,,,,,
2025RitterJuly25,Ritter,2025,bimaculatus,1,female,Veronicastrum virginicum,Veronicastrum,virginicum,Plantaginaceae,Culver's root,Culvers root,,,,,,,
2025RitterJuly25,Ritter,2025,bimaculatus,1,male,Veronicastrum virginicum,Veronicastrum,virginicum,Plantaginaceae,Culver's root,Culvers root,,,,,,,
2025RitterJuly25,Ritter,2025,bimaculatus,1,female,Dalea purpurea,Dalea,purpurea,Fabaceae,Purple prairie clover,Dal pur,,,,,,,
2025RitterJuly25,Ritter,2025,bimaculatus,1,male,Dalea purpurea,Dalea,purpurea,Fabaceae,Purple prairie clover,Dal pur,,,,,,,
2025RitterJuly25,Ritter,2025,bimaculatus,1,female,Agastache foeniculum,Agastache,foeniculum,Lamiaceae,Blue giant hyssop,Aga foe,,,,,,,
2025RitterJuly25,Ritter,2025,bimaculatus,2,male,Agastache foeniculum,Agastache,foeniculum,Lamiaceae,Blue giant hyssop,Aga foe,,,,,,,
2025RitterJuly25,Ritter,2025,bimaculatus,2,female,Verbena stricta,Verbena,stricta,Verbenaceae,Hoary vervain,Ver vir,,,,,,,
2025RitterJuly25,Ritter,2025,griseocollis,10,female,Monarda fistulosa,Monarda,fistulosa,Lamiaceae,Wild bergamont,Monarda,3,,,,,,
2025RitterJuly25,Ritter,2025,griseocollis,7,male,Monarda fistulosa,Monarda,fistulosa,Lamiaceae,Wild bergamont,Monarda,,,,,,,
2025RitterJuly25,Ritter,2025,auricomus,20,female,Monarda fistulosa,Monarda,fistulosa,Lamiaceae,Wild bergamont,Monarda,,,,,,,
2025RitterJuly25,Ritter,2025,vagans,18,female,Monarda fistulosa,Monarda,fistulosa,Lamiaceae,Wild bergamont,Bee balm,,,,,,,
2025RitterJuly25,Ritter,2025,vagans,3,female,Veronicastrum virginicum,Veronicastrum,virginicum,Plantaginaceae,Culvers root,Culvers root,,,,,,,
2025RitterJuly25,Ritter,2025,vagans,2,female,Verbena stricta,Verbena,stricta,Verbenaceae,Hoary vervain,Ver str,,,,,,,
2025RitterJuly25,Ritter,2025,pensylvanicus,1,female,Monarda fistulosa,Monarda,fistulosa,Lamiaceae,Wild bergamont,Bee balm,,,,,,,
2025RitterJuly25,Ritter,2025,affinis,1,female,Veronicastrum virginicum,Veronicastrum,virginicum,Plantaginaceae,Culvers root,Culvers root,,,,,,,
2025RitterJuly25,Ritter,2025,affinis,1,female,Monarda fistulosa,Monarda,fistulosa,Lamiaceae,Wild bergamont,Monarda,,,,,,,
2025RitterJuly25,Ritter,2025,affinis,1,female,Verbena stricta,Verbena,stricta,Verbenaceae,Hoary vervain,Ver str,,,,,,,
2025RitterAugust15,Ritter,2025,impatiens,93,female,Agastache foeniculum,Agastache,foeniculum,Lamiaceae,Blue giant hyssop,Agastache foeniculum,,,,,,,
2025RitterAugust15,Ritter,2025,impatiens,24,male,Agastache foeniculum,Agastache,foeniculum,Lamiaceae,Blue giant hyssop,Agastache foeniculum,,,,,,,
2025RitterAugust15,Ritter,2025,impatiens,1,female,Dalea purpurea,Dalea,purpurea,Fabaceae,Purple prairie clover,Dalea purpurea,,,,,,,
2025RitterAugust15,Ritter,2025,impatiens,50,female,Monarda fistulosa,Monarda,fistulosa,Lamiaceae,Wild bergamont,mon fis,1,,,,,,
2025RitterAugust15,Ritter,2025,impatiens,10,male,Monarda fistulosa,Monarda,fistulosa,Lamiaceae,Wild bergamont,mon fis,,,,,,,
2025RitterAugust15,Ritter,2025,impatiens,1,male,Solidago canadensis,Solidago,canadensis,Asteraceae,Canada goldenrod,solidago canadensis,,,,,,,
2025RitterAugust15,Ritter,2025,impatiens,7,female,Echinacea purpurea,Echinacea,purpurea,Asteraceae,Eastern purple coneflower,Echinacea purpurea,,,,,,,
2025RitterAugust15,Ritter,2025,impatiens,1,male,Echinacea purpurea,Echinacea,purpurea,Asteraceae,Eastern purple coneflower,Echinacea purpurea,,,,,,,
2025RitterAugust15,Ritter,2025,impatiens,9,female,Pycnanthemum virginianum,Pycnanthemum,virginianum,Lamiaceae,Virginia mountain mint,Pyc vir,,,,,,,
2025RitterAugust15,Ritter,2025,impatiens,6,male,Pycnanthemum virginianum,Pycnanthemum,virginianum,Lamiaceae,Virginia mountain mint,Pyc vir,,,,,,,
2025RitterAugust15,Ritter,2025,impatiens,2,female,Veronicastrum virginicum,Veronicastrum,virginicum,Plantaginaceae,Culvers root,Ver vir,,,,,,,
2025RitterAugust15,Ritter,2025,impatiens,4,male,Veronicastrum virginicum,Veronicastrum,virginicum,Plantaginaceae,Culvers root,Ver vir,,,,,,,
2025RitterAugust15,Ritter,2025,impatiens,1,female,Rudbeckia hirta,Rudbeckia,hirta,Asteraceae,Black-eyed susan,Rud hir,,,,,,,
2025RitterAugust15,Ritter,2025,impatiens,1,male,Rudbeckia hirta,Rudbeckia,hirta,Asteraceae,Black-eyed susan,Rud hir,,,,,,,
2025RitterAugust15,Ritter,2025,impatiens,1,female,Cirsium discolor,Cirsium,discolor,Asteraceae,Field thistle,Field thistle,,,,,,,
2025RitterAugust15,Ritter,2025,impatiens,1,female,Solidago sp.,Solidago,sp.,Asteraceae,Goldenrod,Solidago sp.,,,,,,,
2025RitterAugust15,Ritter,2025,bimaculatus,3,female,Monarda fistulosa,Monarda,fistulosa,Lamiaceae,Wild bergamont,Mon fist,1,,,,,,
2025RitterAugust15,Ritter,2025,bimaculatus,4,male,Monarda fistulosa,Monarda,fistulosa,Lamiaceae,Wild bergamont,Mon fist,,,,,,,
2025RitterAugust15,Ritter,2025,bimaculatus,1,female,Rudbeckia hirta,Rudbeckia,hirta,Asteraceae,Black-eyed susan,Rud hir,,,,,,,
2025RitterAugust15,Ritter,2025,griseocollis,4,female,Agastache foeniculum,Agastache,foeniculum,Lamiaceae,Blue giant hyssop,Aga foe,,,,,,,
2025RitterAugust15,Ritter,2025,griseocollis,15,female,Monarda fistulosa,Monarda,fistulosa,Lamiaceae,Wild bergamont,Mon fis,1,,,,,,
2025RitterAugust15,Ritter,2025,griseocollis,20,male,Monarda fistulosa,Monarda,fistulosa,Lamiaceae,Wild bergamont,Mon fis,,,,,,,
2025RitterAugust15,Ritter,2025,griseocollis,1,female,Echinacea purpurea,Echinacea,purpurea,Asteraceae,Eastern purple coneflower,Echinacea pur,,,,,,,
2025RitterAugust15,Ritter,2025,griseocollis,1,male,Echinacea purpurea,Echinacea,purpurea,Asteraceae,Eastern purple coneflower,Echinacea pur,,,,,,,
2025RitterAugust15,Ritter,2025,griseocollis,1,male,Veronicastrum virginicum,Veronicastrum,virginicum,Plantaginaceae,Culvers root,Ver vir,,,,,,,
2025RitterAugust15,Ritter,2025,auricomus,7,female,Agastache foeniculum,Agastache,foeniculum,Lamiaceae,Blue giant hyssop,Aga foe,,,,,,,
2025RitterAugust15,Ritter,2025,auricomus,30,female,Monarda fistulosa,Monarda,fistulosa,Lamiaceae,Wild bergamont,Mon fis,4,,,,,,
2025RitterAugust15,Ritter,2025,auricomus,1,male,Monarda fistulosa,Monarda,fistulosa,Lamiaceae,Wild bergamont,Mon fis,,,,,,,
2025RitterAugust15,Ritter,2025,auricomus,1,female,Cirsium vulgare,Cirsium,vulgare,Asteraceae,Bull thistle,cirscium vulgare,,,,,,,
2025RitterAugust15,Ritter,2025,vagans,5,female,Monarda fistulosa,Monarda,fistulosa,Lamiaceae,Wild bergamont,Mon fis,,,,,,,
2025RitterAugust15,Ritter,2025,vagans,1,male,Monarda fistulosa,Monarda,fistulosa,Lamiaceae,Wild bergamont,Mon fis,,,,,,,
2025RitterAugust15,Ritter,2025,vagans,1,female,Agastache foeniculum,Agastache,foeniculum,Lamiaceae,Blue giant hyssop,Agastache foeniculum,,,,,,,
2025RitterAugust15,Ritter,2025,pensylvanicus,1,female,Monarda fistulosa,Monarda,fistulosa,Lamiaceae,Wild bergamont,Mon fis,,,,,,,
2025RitterAugust15,Ritter,2025,rufocinctus,1,male,Melilotus alba,Melilotus,alba,Fabaceae,White sweet clover,Melilotus alba,,,,,,,
2025RitterAugust15,Ritter,2025,rufocinctus,1,male,Rudbeckia hirta,Rudbeckia,hirta,Asteraceae,Black-eyed susan,Rud hir,,,,,,,
2025RitterAugust15,Ritter,2025,affinis,2,female,Monarda fistulosa,Monarda,fistulosa,Lamiaceae,Wild bergamont,Mon fis,,,,,,,
2025RitterAugust15,Ritter,2025,affinis,1,male,Pycnanthemum virginianum,Pycnanthemum,virginianum,Lamiaceae,Virginia mountain mint,Pyc vir,,,,,,,
2025RitterAugust15,Ritter,2025,citrinus,1,male,Monarda fistulosa,Monarda,fistulosa,Lamiaceae,Bee balm,Monarda fistulosa,,,,,,,

